[
    {"code":"ALB", "name":"阿尔巴尼亚"},
    {"code":"DZA", "name":"阿尔及利亚"},
    {"code":"AFG", "name":"阿富汗"},
    {"code":"ARG", "name":"阿根廷"},
    {"code":"ARE", "name":"阿联酋"},
    {"code":"ABW", "name":"阿鲁巴"},
    {"code":"OMN", "name":"阿曼"},
    {"code":"AZE", "name":"阿塞拜疆"},
    {"code":"EGY", "name":"埃及"},
    {"code":"ETH", "name":"埃塞俄比亚"},
    {"code":"IRL", "name":"爱尔兰"},
    {"code":"EST", "name":"爱沙尼亚"},
    {"code":"AND", "name":"安道尔"},
    {"code":"AGO", "name":"安哥拉"},
    {"code":"AIA", "name":"安圭拉"},
    {"code":"ATG", "name":"安提瓜和巴布达"},
    {"code":"AUT", "name":"奥地利"},
    {"code":"AUS", "name":"澳大利亚"},
    {"code":"MAC", "name":"澳门"},
    {"code":"BRB", "name":"巴巴多斯"},
    {"code":"PNG", "name":"巴布亚新几内亚"},
    {"code":"BHS", "name":"巴哈马"},
    {"code":"PAK", "name":"巴基斯坦"},
    {"code":"PRY", "name":"巴拉圭"},
    {"code":"PSE", "name":"巴勒斯坦"},
    {"code":"BHR", "name":"巴林"},
    {"code":"PAN", "name":"巴拿马"},
    {"code":"BRA", "name":"巴西"},
    {"code":"BLR", "name":"白俄罗斯"},
    {"code":"BMU", "name":"百慕大"},
    {"code":"BGR", "name":"保加利亚"},
    {"code":"MNP", "name":"北马里亚纳"},
    {"code":"PLW", "name":"帕劳"},
    {"code":"BEN", "name":"贝宁"},
    {"code":"BEL", "name":"比利时"},
    {"code":"ISL", "name":"冰岛"},
    {"code":"PRI", "name":"波多黎各"},
    {"code":"POL", "name":"波兰"},
    {"code":"BOL", "name":"玻利维亚"},
    {"code":"BIH", "name":"波黑"},
    {"code":"BWA", "name":"博茨瓦纳"},
    {"code":"BLZ", "name":"伯利兹"},
    {"code":"BTN", "name":"不丹"},
    {"code":"BFA", "name":"布基纳法索"},
    {"code":"BDI", "name":"布隆迪"},
    {"code":"BVT", "name":"布维岛"},
    {"code":"PRK", "name":"朝鲜"},
    {"code":"GNQ", "name":"赤道几内亚"},
    {"code":"DNK", "name":"丹麦"},
    {"code":"DEU", "name":"德国"},
    {"code":"TMP", "name":"东帝汶"},
    {"code":"TGO", "name":"多哥"},
    {"code":"DOM", "name":"多米尼加共和国"},
    {"code":"DMA", "name":"多米尼克"},
    {"code":"RUS", "name":"俄罗斯联邦"},
    {"code":"ECU", "name":"厄瓜多尔"},
    {"code":"ERI", "name":"厄立特里亚"},
    {"code":"FRA", "name":"法国"},
    {"code":"FRO", "name":"法罗群岛"},
    {"code":"PYF", "name":"法属波利尼西亚"},
    {"code":"GUF", "name":"法属圭亚那"},
    {"code":"ATF", "name":"法属南部领土"},
    {"code":"VAT", "name":"梵蒂冈"},
    {"code":"PHL", "name":"菲律宾"},
    {"code":"FJI", "name":"斐济"},
    {"code":"FIN", "name":"芬兰"},
    {"code":"CPV", "name":"佛得角"},
    {"code":"GMB", "name":"冈比亚"},
    {"code":"COG", "name":"刚果（布）"},
    {"code":"COD", "name":"刚果（金）"},
    {"code":"COL", "name":"哥伦比亚"},
    {"code":"CRI", "name":"哥斯达黎加"},
    {"code":"GRD", "name":"格林纳达"},
    {"code":"GRL", "name":"格陵兰"},
    {"code":"GEO", "name":"格鲁吉亚"},
    {"code":"CUB", "name":"古巴"},
    {"code":"GLP", "name":"瓜德罗普"},
    {"code":"GUM", "name":"关岛"},
    {"code":"GUY", "name":"圭亚那"},
    {"code":"KAZ", "name":"哈萨克斯坦"},
    {"code":"HTI", "name":"海地"},
    {"code":"KOR", "name":"韩国"},
    {"code":"NLD", "name":"荷兰"},
    {"code":"ANT", "name":"荷属安的列斯"},
    {"code":"HMD", "name":"赫德岛和麦克唐纳岛"},
    {"code":"HND", "name":"洪都拉斯"},
    {"code":"KIR", "name":"基里巴斯"},
    {"code":"DJI", "name":"吉布提"},
    {"code":"KGZ", "name":"吉尔吉斯斯坦"},
    {"code":"GIN", "name":"几内亚"},
    {"code":"GNB", "name":"几内亚比绍"},
    {"code":"CAN", "name":"加拿大"},
    {"code":"GHA", "name":"加纳"},
    {"code":"GAB", "name":"加蓬"},
    {"code":"KHM", "name":"柬埔寨"},
    {"code":"CZE", "name":"捷克"},
    {"code":"ZWE", "name":"津巴布韦"},
    {"code":"CMR", "name":"喀麦隆"},
    {"code":"QAT", "name":"卡塔尔"},
    {"code":"CYM", "name":"开曼群岛"},
    {"code":"CCK", "name":"科科斯(基林)群岛"},
    {"code":"COM", "name":"科摩罗"},
    {"code":"CIV", "name":"科特迪瓦"},
    {"code":"KWT", "name":"科威特"},
    {"code":"HRV", "name":"克罗地亚"},
    {"code":"KEN", "name":"肯尼亚"},
    {"code":"COK", "name":"库克群岛"},
    {"code":"LVA", "name":"拉脱维亚"},
    {"code":"LSO", "name":"莱索托"},
    {"code":"LAO", "name":"老挝"},
    {"code":"LBN", "name":"黎巴嫩"},
    {"code":"LBR", "name":"利比里亚"},
    {"code":"LBY", "name":"利比亚"},
    {"code":"LTU", "name":"立陶宛"},
    {"code":"LIE", "name":"列支敦士登"},
    {"code":"REU", "name":"留尼汪"},
    {"code":"LUX", "name":"卢森堡"},
    {"code":"RWA", "name":"卢旺达"},
    {"code":"ROM", "name":"罗马尼亚"},
    {"code":"MDG", "name":"马达加斯加"},
    {"code":"MLT", "name":"马耳他"},
    {"code":"MDV", "name":"马尔代夫"},
    {"code":"MWI", "name":"马拉维"},
    {"code":"MYS", "name":"马来西亚"},
    {"code":"MLI", "name":"马里"},
    {"code":"MKD", "name":"前南马其顿"},
    {"code":"MTQ", "name":"马提尼克"},
    {"code":"MYT", "name":"马约特"},
    {"code":"MUS", "name":"毛里求斯"},
    {"code":"MRT", "name":"毛里塔尼亚"},
    {"code":"USA", "name":"美国"},
    {"code":"ASM", "name":"美属萨摩亚"},
    {"code":"UMI", "name":"美国本土外小岛屿"},
    {"code":"VIR", "name":"美属维尔京群岛"},
    {"code":"MNG", "name":"蒙古"},
    {"code":"MSR", "name":"蒙特塞拉特"},
    {"code":"BGD", "name":"孟加拉国"},
    {"code":"PER", "name":"秘鲁"},
    {"code":"FSM", "name":"密克罗尼西亚联邦"},
    {"code":"MMR", "name":"缅甸"},
    {"code":"MDA", "name":"摩尔多瓦"},
    {"code":"MAR", "name":"摩洛哥"},
    {"code":"MCO", "name":"摩纳哥"},
    {"code":"MOZ", "name":"莫桑比克"},
    {"code":"MEX", "name":"墨西哥"},
    {"code":"NAM", "name":"纳米比亚"},
    {"code":"ZAF", "name":"南非"},
    {"code":"ATA", "name":"南极洲"},
    {"code":"SGS", "name":"南乔治亚岛和南桑德韦奇岛"},
    {"code":"SGS", "name":"赛尔维亚和黑山"},
    {"code":"NRU", "name":"瑙鲁"},
    {"code":"NPL", "name":"尼泊尔"},
    {"code":"NIC", "name":"尼加拉瓜"},
    {"code":"NER", "name":"尼日尔"},
    {"code":"NGA", "name":"尼日利亚"},
    {"code":"NIU", "name":"纽埃"},
    {"code":"NOR", "name":"挪威"},
    {"code":"NFK", "name":"诺福克岛"},
    {"code":"PCN", "name":"皮特凯恩群岛"},
    {"code":"PRT", "name":"葡萄牙"},
    {"code":"JPN", "name":"日本"},
    {"code":"SWE", "name":"瑞典"},
    {"code":"CHE", "name":"瑞士"},
    {"code":"SLV", "name":"萨尔瓦多"},
    {"code":"SLE", "name":"塞拉利昂"},
    {"code":"SEN", "name":"塞内加尔"},
    {"code":"CYP", "name":"塞浦路斯"},
    {"code":"SYC", "name":"塞舌尔"},
    {"code":"SAU", "name":"沙特阿拉伯"},
    {"code":"CXR", "name":"圣诞岛"},
    {"code":"STP", "name":"圣多美和普林西比"},
    {"code":"SHN", "name":"圣赫勒拿"},
    {"code":"KNA", "name":"圣基茨和尼维斯"},
    {"code":"LCA", "name":"圣卢西亚"},
    {"code":"SMR", "name":"圣马力诺"},
    {"code":"SPM", "name":"圣皮埃尔和密克隆"},
    {"code":"VCT", "name":"圣文森特和格林纳丁斯"},
    {"code":"LKA", "name":"斯里兰卡"},
    {"code":"SVK", "name":"斯洛伐克"},
    {"code":"SVN", "name":"斯洛文尼亚"},
    {"code":"SJM", "name":"斯瓦尔巴群岛"},
    {"code":"SWZ", "name":"斯威士兰"},
    {"code":"SDN", "name":"苏丹"},
    {"code":"SUR", "name":"苏里南"},
    {"code":"TJK", "name":"塔吉克斯坦"},
    {"code":"THA", "name":"泰国"},
    {"code":"TZA", "name":"坦桑尼亚"},
    {"code":"TON", "name":"汤加"},
    {"code":"TCA", "name":"特克斯科斯群岛"},
    {"code":"TTO", "name":"特立尼达和多巴哥"},
    {"code":"TUN", "name":"突尼斯"},
    {"code":"TUV", "name":"图瓦卢"},
    {"code":"TUR", "name":"土耳其"},
    {"code":"TKM", "name":"土库曼斯坦"},
    {"code":"TKL", "name":"托克劳"},
    {"code":"WLF", "name":"瓦利斯和富图纳"},
    {"code":"VUT", "name":"瓦努阿图"},
    {"code":"GTM", "name":"危地马拉"},
    {"code":"VEN", "name":"委内瑞拉"},
    {"code":"BRN", "name":"文莱"},
    {"code":"UGA", "name":"乌干达"},
    {"code":"UKR", "name":"乌克兰"},
    {"code":"URY", "name":"乌拉圭"},
    {"code":"UZB", "name":"乌兹别克斯坦"},
    {"code":"ESP", "name":"西班牙"},
    {"code":"ESH", "name":"西撒哈拉"},
    {"code":"WSM", "name":"萨摩亚"},
    {"code":"GRC", "name":"希腊"},
    {"code":"HKG", "name":"香港"},
    {"code":"SGP", "name":"新加坡"},
    {"code":"NCL", "name":"新喀里多尼亚"},
    {"code":"NZL", "name":"新西兰"},
    {"code":"HUN", "name":"匈牙利"},
    {"code":"SYR", "name":"叙利亚"},
    {"code":"JAM", "name":"牙买加"},
    {"code":"ARM", "name":"亚美尼亚"},
    {"code":"YEM", "name":"也门"},
    {"code":"IRQ", "name":"伊拉克"},
    {"code":"IRN", "name":"伊朗"},
    {"code":"ISR", "name":"以色列"},
    {"code":"ITA", "name":"意大利"},
    {"code":"IND", "name":"印度"},
    {"code":"IDN", "name":"印度尼西亚"},
    {"code":"GBR", "name":"英国"},
    {"code":"VGB", "name":"英属维尔京群岛"},
    {"code":"IOT", "name":"英属印度洋领土"},
    {"code":"JOR", "name":"约旦"},
    {"code":"VNM", "name":"越南"},
    {"code":"ZMB", "name":"赞比亚"},
    {"code":"TCD", "name":"乍得"},
    {"code":"GIB", "name":"直布罗陀"},
    {"code":"CHL", "name":"智利"},
    {"code":"CAF", "name":"中非"},
    {"code":"CHN", "name":"中国”, "area":[

        {"code":"A00000", "name":"北京", "area":[{"code":"110000", "name":"北京市", "area":[
            {"code":"110101", "name":"东城区"},
            {"code":"110102", "name":"西城区"},
            {"code":"110103", "name":"崇文区"},
            {"code":"110104", "name":"宣武区"},
            {"code":"110105", "name":"朝阳区"},
            {"code":"110106", "name":"丰台区"},
            {"code":"110107", "name":"石景山区"},
            {"code":"110108", "name":"海淀区"},
            {"code":"110109", "name":"门头沟区"},
            {"code":"110111", "name":"房山区"},
            {"code":"110112", "name":"通州区"},
            {"code":"110113", "name":"顺义区"},
            {"code":"110114", "name":"昌平区"},
            {"code":"110115", "name":"大兴区"},
            {"code":"110116", "name":"怀柔区"},
            {"code":"110117", "name":"平谷区"},
            {"code":"110228", "name":"密云县"},
            {"code":"110229", "name":"延庆县"},
        ]}]},

        {"code":"B00000", "name":"上海", "area":[{"code":"310000", "name":"上海市", "area":[
            {"code":"310101", "name":"黄浦区"},
            {"code":"310103", "name":"卢湾区"},
            {"code":"310104", "name":"徐汇区"},
            {"code":"310105", "name":"长宁区"},
            {"code":"310106", "name":"静安区"},
            {"code":"310107", "name":"普陀区"},
            {"code":"310108", "name":"闸北区"},
            {"code":"310109", "name":"虹口区"},
            {"code":"310110", "name":"杨浦区"},
            {"code":"310112", "name":"闵行区"},
            {"code":"310113", "name":"宝山区"},
            {"code":"310114", "name":"嘉定区"},
            {"code":"310115", "name":"浦东新区"},
            {"code":"310116", "name":"金山区"},
            {"code":"310117", "name":"松江区"},
            {"code":"310118", "name":"青浦区"},
            {"code":"310120", "name":"奉贤区"},
            {"code":"310230", "name":"崇明县"},
        ]}]},

        {"code":"C00000", "name":"天津", "area":[{"code":"120000", "name":"天津市", "area":[
            {"code":"120101", "name":"和平区"},
            {"code":"120102", "name":"河东区"},
            {"code":"120103", "name":"河西区"},
            {"code":"120104", "name":"南开区"},
            {"code":"120105", "name":"河北区"},
            {"code":"120106", "name":"红桥区"},
            {"code":"120110", "name":"东丽区"},
            {"code":"120111", "name":"西青区"},
            {"code":"120112", "name":"津南区"},
            {"code":"120113", "name":"北辰区"},
            {"code":"120114", "name":"武清区"},
            {"code":"120115", "name":"宝坻区"},
            {"code":"120116", "name":"滨海新区"},
            {"code":"120221", "name":"宁河县"},
            {"code":"120223", "name":"静海县"},
            {"code":"120225", "name":"蓟县"},
        ]}]},

        {"code":"D00000", "name":"重庆", "area":[{"code":"500000", "name":"重庆市", "area":[
            {"code":"500101", "name":"万州区"},
            {"code":"500102", "name":"涪陵区"},
            {"code":"500103", "name":"渝中区"},
            {"code":"500104", "name":"大渡口区"},
            {"code":"500105", "name":"江北区"},
            {"code":"500106", "name":"沙坪坝区"},
            {"code":"500107", "name":"九龙坡区"},
            {"code":"500108", "name":"南岸区"},
            {"code":"500109", "name":"北碚区"},
            {"code":"500110", "name":"万盛区"},
            {"code":"500111", "name":"双桥区"},
            {"code":"500112", "name":"渝北区"},
            {"code":"500113", "name":"巴南区"},
            {"code":"500114", "name":"黔江区"},
            {"code":"500115", "name":"长寿区"},
            {"code":"500116", "name":"江津区"},
            {"code":"500117", "name":"合川区"},
            {"code":"500118", "name":"永川区"},
            {"code":"500119", "name":"南川区"},
            {"code":"500222", "name":"綦江县"},
            {"code":"500223", "name":"潼南县"},
            {"code":"500224", "name":"铜梁县"},
            {"code":"500225", "name":"大足县"},
            {"code":"500226", "name":"荣昌县"},
            {"code":"500227", "name":"璧山县"},
            {"code":"500228", "name":"梁平县"},
            {"code":"500229", "name":"城口县"},
            {"code":"500230", "name":"丰都县"},
            {"code":"500231", "name":"垫江县"},
            {"code":"500232", "name":"武隆县"},
            {"code":"500233", "name":"忠县"},
            {"code":"500234", "name":"开县"},
            {"code":"500235", "name":"云阳县"},
            {"code":"500236", "name":"奉节县"},
            {"code":"500237", "name":"巫山县"},
            {"code":"500238", "name":"巫溪县"},
            {"code":"500240", "name":"石柱土家族自治县"},
            {"code":"500241", "name":"秀山土家族苗族自治县"},
            {"code":"500242", "name":"酉阳土家族苗族自治县"},
            {"code":"500243", "name":"彭水苗族土家族自治县"},
        ]}]},
        {"code":"130000", "name":"河北省", "area":[
            {"code":"130100", "name":"石家庄市", "area":[
                {"code":"130102", "name":"长安区"},
                {"code":"130103", "name":"桥东区"},
                {"code":"130104", "name":"桥西区"},
                {"code":"130105", "name":"新华区"},
                {"code":"130107", "name":"井陉矿区"},
                {"code":"130108", "name":"裕华区"},
                {"code":"130121", "name":"井陉县"},
                {"code":"130123", "name":"正定县"},
                {"code":"130124", "name":"栾城县"},
                {"code":"130125", "name":"行唐县"},
                {"code":"130126", "name":"灵寿县"},
                {"code":"130127", "name":"高邑县"},
                {"code":"130128", "name":"深泽县"},
                {"code":"130129", "name":"赞皇县"},
                {"code":"130130", "name":"无极县"},
                {"code":"130131", "name":"平山县"},
                {"code":"130132", "name":"元氏县"},
                {"code":"130133", "name":"赵县"},
                {"code":"130181", "name":"辛集市"},
                {"code":"130182", "name":"藁城市"},
                {"code":"130183", "name":"晋州市"},
                {"code":"130184", "name":"新乐市"},
                {"code":"130185", "name":"鹿泉市"},
            ]},
            {"code":"130200", "name":"唐山市", "area":[
                {"code":"130202", "name":"路南区"},
                {"code":"130203", "name":"路北区"},
                {"code":"130204", "name":"古冶区"},
                {"code":"130205", "name":"开平区"},
                {"code":"130207", "name":"丰南区"},
                {"code":"130208", "name":"丰润区"},
                {"code":"130223", "name":"滦县"},
                {"code":"130224", "name":"滦南县"},
                {"code":"130225", "name":"乐亭县"},
                {"code":"130227", "name":"迁西县"},
                {"code":"130229", "name":"玉田县"},
                {"code":"130230", "name":"唐海县"},
                {"code":"130281", "name":"遵化市"},
                {"code":"130283", "name":"迁安市"},
            ]},
            {"code":"130300", "name":"秦皇岛市", "area":[
                {"code":"130302", "name":"海港区"},
                {"code":"130303", "name":"山海关区"},
                {"code":"130304", "name":"北戴河区"},
                {"code":"130321", "name":"青龙满族自治县"},
                {"code":"130322", "name":"昌黎县"},
                {"code":"130323", "name":"抚宁县"},
                {"code":"130324", "name":"卢龙县"},
            ]},
            {"code":"130400", "name":"邯郸市", "area":[
                {"code":"130402", "name":"邯山区"},
                {"code":"130403", "name":"丛台区"},
                {"code":"130404", "name":"复兴区"},
                {"code":"130406", "name":"峰峰矿区"},
                {"code":"130421", "name":"邯郸县"},
                {"code":"130423", "name":"临漳县"},
                {"code":"130424", "name":"成安县"},
                {"code":"130425", "name":"大名县"},
                {"code":"130426", "name":"涉县"},
                {"code":"130427", "name":"磁县"},
                {"code":"130428", "name":"肥乡县"},
                {"code":"130429", "name":"永年县"},
                {"code":"130430", "name":"邱县"},
                {"code":"130431", "name":"鸡泽县"},
                {"code":"130432", "name":"广平县"},
                {"code":"130433", "name":"馆陶县"},
                {"code":"130434", "name":"魏县"},
                {"code":"130435", "name":"曲周县"},
                {"code":"130481", "name":"武安市"},
            ]},
            {"code":"130500", "name":"邢台市", "area":[
                {"code":"130502", "name":"桥东区"},
                {"code":"130503", "name":"桥西区"},
                {"code":"130521", "name":"邢台县"},
                {"code":"130522", "name":"临城县"},
                {"code":"130523", "name":"内丘县"},
                {"code":"130524", "name":"柏乡县"},
                {"code":"130525", "name":"隆尧县"},
                {"code":"130526", "name":"任县"},
                {"code":"130527", "name":"南和县"},
                {"code":"130528", "name":"宁晋县"},
                {"code":"130529", "name":"巨鹿县"},
                {"code":"130530", "name":"新河县"},
                {"code":"130531", "name":"广宗县"},
                {"code":"130532", "name":"平乡县"},
                {"code":"130533", "name":"威县"},
                {"code":"130534", "name":"清河县"},
                {"code":"130535", "name":"临西县"},
                {"code":"130581", "name":"南宫市"},
                {"code":"130582", "name":"沙河市"},
            ]},
            {"code":"130600", "name":"保定市", "area":[
                {"code":"130602", "name":"新市区"},
                {"code":"130603", "name":"北市区"},
                {"code":"130604", "name":"南市区"},
                {"code":"130621", "name":"满城县"},
                {"code":"130622", "name":"清苑县"},
                {"code":"130623", "name":"涞水县"},
                {"code":"130624", "name":"阜平县"},
                {"code":"130625", "name":"徐水县"},
                {"code":"130626", "name":"定兴县"},
                {"code":"130627", "name":"唐县"},
                {"code":"130628", "name":"高阳县"},
                {"code":"130629", "name":"容城县"},
                {"code":"130630", "name":"涞源县"},
                {"code":"130631", "name":"望都县"},
                {"code":"130632", "name":"安新县"},
                {"code":"130633", "name":"易县"},
                {"code":"130634", "name":"曲阳县"},
                {"code":"130635", "name":"蠡县"},
                {"code":"130636", "name":"顺平县"},
                {"code":"130637", "name":"博野县"},
                {"code":"130638", "name":"雄县"},
                {"code":"130681", "name":"涿州市"},
                {"code":"130682", "name":"定州市"},
                {"code":"130683", "name":"安国市"},
                {"code":"130684", "name":"高碑店市"},
            ]},
            {"code":"130700", "name":"张家口市", "area":[
                {"code":"130702", "name":"桥东区"},
                {"code":"130703", "name":"桥西区"},
                {"code":"130705", "name":"宣化区"},
                {"code":"130706", "name":"下花园区"},
                {"code":"130721", "name":"宣化县"},
                {"code":"130722", "name":"张北县"},
                {"code":"130723", "name":"康保县"},
                {"code":"130724", "name":"沽源县"},
                {"code":"130725", "name":"尚义县"},
                {"code":"130726", "name":"蔚县"},
                {"code":"130727", "name":"阳原县"},
                {"code":"130728", "name":"怀安县"},
                {"code":"130729", "name":"万全县"},
                {"code":"130730", "name":"怀来县"},
                {"code":"130731", "name":"涿鹿县"},
                {"code":"130732", "name":"赤城县"},
                {"code":"130733", "name":"崇礼县"},
            ]},
            {"code":"130800", "name":"承德市", "area":[
                {"code":"130802", "name":"双桥区"},
                {"code":"130803", "name":"双滦区"},
                {"code":"130804", "name":"鹰手营子矿区"},
                {"code":"130821", "name":"承德县"},
                {"code":"130822", "name":"兴隆县"},
                {"code":"130823", "name":"平泉县"},
                {"code":"130824", "name":"滦平县"},
                {"code":"130825", "name":"隆化县"},
                {"code":"130826", "name":"丰宁满族自治县"},
                {"code":"130827", "name":"宽城满族自治县"},
                {"code":"130828", "name":"围场满族蒙古族自治县"},
            ]},
            {"code":"130900", "name":"沧州市", "area":[
                {"code":"130902", "name":"新华区"},
                {"code":"130903", "name":"运河区"},
                {"code":"130921", "name":"沧县"},
                {"code":"130922", "name":"青县"},
                {"code":"130923", "name":"东光县"},
                {"code":"130924", "name":"海兴县"},
                {"code":"130925", "name":"盐山县"},
                {"code":"130926", "name":"肃宁县"},
                {"code":"130927", "name":"南皮县"},
                {"code":"130928", "name":"吴桥县"},
                {"code":"130929", "name":"献县"},
                {"code":"130930", "name":"孟村回族自治县"},
                {"code":"130981", "name":"泊头市"},
                {"code":"130982", "name":"任丘市"},
                {"code":"130983", "name":"黄骅市"},
                {"code":"130984", "name":"河间市"},
            ]},
            {"code":"131000", "name":"廊坊市", "area":[
                {"code":"131002", "name":"安次区"},
                {"code":"131003", "name":"广阳区"},
                {"code":"131022", "name":"固安县"},
                {"code":"131023", "name":"永清县"},
                {"code":"131024", "name":"香河县"},
                {"code":"131025", "name":"大城县"},
                {"code":"131026", "name":"文安县"},
                {"code":"131028", "name":"大厂回族自治县"},
                {"code":"131081", "name":"霸州市"},
                {"code":"131082", "name":"三河市"},
            ]},
            {"code":"131100", "name":"衡水市", "area":[
                {"code":"131102", "name":"桃城区"},
                {"code":"131121", "name":"枣强县"},
                {"code":"131122", "name":"武邑县"},
                {"code":"131123", "name":"武强县"},
                {"code":"131124", "name":"饶阳县"},
                {"code":"131125", "name":"安平县"},
                {"code":"131126", "name":"故城县"},
                {"code":"131127", "name":"景县"},
                {"code":"131128", "name":"阜城县"},
                {"code":"131181", "name":"冀州市"},
                {"code":"131182", "name":"深州市"},
            ]},
        ]},
        {"code":"140000", "name":"山西省", "area":[
            {"code":"140100", "name":"太原市", "area":[
                {"code":"140105", "name":"小店区"},
                {"code":"140106", "name":"迎泽区"},
                {"code":"140107", "name":"杏花岭区"},
                {"code":"140108", "name":"尖草坪区"},
                {"code":"140109", "name":"万柏林区"},
                {"code":"140110", "name":"晋源区"},
                {"code":"140121", "name":"清徐县"},
                {"code":"140122", "name":"阳曲县"},
                {"code":"140123", "name":"娄烦县"},
                {"code":"140181", "name":"古交市"},
            ]},
            {"code":"140200", "name":"大同市", "area":[
                {"code":"140202", "name":"城区"},
                {"code":"140203", "name":"矿区"},
                {"code":"140211", "name":"南郊区"},
                {"code":"140212", "name":"新荣区"},
                {"code":"140221", "name":"阳高县"},
                {"code":"140222", "name":"天镇县"},
                {"code":"140223", "name":"广灵县"},
                {"code":"140224", "name":"灵丘县"},
                {"code":"140225", "name":"浑源县"},
                {"code":"140226", "name":"左云县"},
                {"code":"140227", "name":"大同县"},
            ]},
            {"code":"140300", "name":"阳泉市", "area":[
                {"code":"140302", "name":"城区"},
                {"code":"140303", "name":"矿区"},
                {"code":"140311", "name":"郊区"},
                {"code":"140321", "name":"平定县"},
                {"code":"140322", "name":"盂县"},
            ]},
            {"code":"140400", "name":"长治市", "area":[
                {"code":"140402", "name":"城区"},
                {"code":"140411", "name":"郊区"},
                {"code":"140421", "name":"长治县"},
                {"code":"140423", "name":"襄垣县"},
                {"code":"140424", "name":"屯留县"},
                {"code":"140425", "name":"平顺县"},
                {"code":"140426", "name":"黎城县"},
                {"code":"140427", "name":"壶关县"},
                {"code":"140428", "name":"长子县"},
                {"code":"140429", "name":"武乡县"},
                {"code":"140430", "name":"沁县"},
                {"code":"140431", "name":"沁源县"},
                {"code":"140481", "name":"潞城市"},
            ]},
            {"code":"140500", "name":"晋城市", "area":[
                {"code":"140502", "name":"城区"},
                {"code":"140521", "name":"沁水县"},
                {"code":"140522", "name":"阳城县"},
                {"code":"140524", "name":"陵川县"},
                {"code":"140525", "name":"泽州县"},
                {"code":"140581", "name":"高平市"},
            ]},
            {"code":"140600", "name":"朔州市", "area":[
                {"code":"140602", "name":"朔城区"},
                {"code":"140603", "name":"平鲁区"},
                {"code":"140621", "name":"山阴县"},
                {"code":"140622", "name":"应县"},
                {"code":"140623", "name":"右玉县"},
                {"code":"140624", "name":"怀仁县"},
            ]},
            {"code":"140700", "name":"晋中市", "area":[
                {"code":"140702", "name":"榆次区"},
                {"code":"140721", "name":"榆社县"},
                {"code":"140722", "name":"左权县"},
                {"code":"140723", "name":"和顺县"},
                {"code":"140724", "name":"昔阳县"},
                {"code":"140725", "name":"寿阳县"},
                {"code":"140726", "name":"太谷县"},
                {"code":"140727", "name":"祁县"},
                {"code":"140728", "name":"平遥县"},
                {"code":"140729", "name":"灵石县"},
                {"code":"140781", "name":"介休市"},
            ]},
            {"code":"140800", "name":"运城市", "area":[
                {"code":"140802", "name":"盐湖区"},
                {"code":"140821", "name":"临猗县"},
                {"code":"140822", "name":"万荣县"},
                {"code":"140823", "name":"闻喜县"},
                {"code":"140824", "name":"稷山县"},
                {"code":"140825", "name":"新绛县"},
                {"code":"140826", "name":"绛县"},
                {"code":"140827", "name":"垣曲县"},
                {"code":"140828", "name":"夏县"},
                {"code":"140829", "name":"平陆县"},
                {"code":"140830", "name":"芮城县"},
                {"code":"140881", "name":"永济市"},
                {"code":"140882", "name":"河津市"},
            ]},
            {"code":"140900", "name":"忻州市", "area":[
                {"code":"140902", "name":"忻府区"},
                {"code":"140921", "name":"定襄县"},
                {"code":"140922", "name":"五台县"},
                {"code":"140923", "name":"代县"},
                {"code":"140924", "name":"繁峙县"},
                {"code":"140925", "name":"宁武县"},
                {"code":"140926", "name":"静乐县"},
                {"code":"140927", "name":"神池县"},
                {"code":"140928", "name":"五寨县"},
                {"code":"140929", "name":"岢岚县"},
                {"code":"140930", "name":"河曲县"},
                {"code":"140931", "name":"保德县"},
                {"code":"140932", "name":"偏关县"},
                {"code":"140981", "name":"原平市"},
            ]},
            {"code":"141000", "name":"临汾市", "area":[
                {"code":"141002", "name":"尧都区"},
                {"code":"141021", "name":"曲沃县"},
                {"code":"141022", "name":"翼城县"},
                {"code":"141023", "name":"襄汾县"},
                {"code":"141024", "name":"洪洞县"},
                {"code":"141025", "name":"古县"},
                {"code":"141026", "name":"安泽县"},
                {"code":"141027", "name":"浮山县"},
                {"code":"141028", "name":"吉县"},
                {"code":"141029", "name":"乡宁县"},
                {"code":"141030", "name":"大宁县"},
                {"code":"141031", "name":"隰县"},
                {"code":"141032", "name":"永和县"},
                {"code":"141033", "name":"蒲县"},
                {"code":"141034", "name":"汾西县"},
                {"code":"141081", "name":"侯马市"},
                {"code":"141082", "name":"霍州市"},
            ]},
            {"code":"141100", "name":"吕梁市", "area":[
                {"code":"141102", "name":"离石区"},
                {"code":"141121", "name":"文水县"},
                {"code":"141122", "name":"交城县"},
                {"code":"141123", "name":"兴县"},
                {"code":"141124", "name":"临县"},
                {"code":"141125", "name":"柳林县"},
                {"code":"141126", "name":"石楼县"},
                {"code":"141127", "name":"岚县"},
                {"code":"141128", "name":"方山县"},
                {"code":"141129", "name":"中阳县"},
                {"code":"141130", "name":"交口县"},
                {"code":"141181", "name":"孝义市"},
                {"code":"141182", "name":"汾阳市"},
            ]},
        ]},
        {"code":"150000", "name":"内蒙古自治区", "area":[]},
        {"code":"210000", "name":"辽宁省", "area":[]},
        {"code":"220000", "name":"吉林省", "area":[]},
        {"code":"230000", "name":"黑龙江省", "area":[]},
        {"code":"320000", "name":"江苏省", "area":[]},
        {"code":"330000", "name":"浙江省", "area":[]},
        {"code":"340000", "name":"安徽省", "area":[]},
        {"code":"350000", "name":"福建省", "area":[]},
        {"code":"360000", "name":"江西省", "area":[]},
        {"code":"370000", "name":"山东省", "area":[]},
        {"code":"410000", "name":"河南省", "area":[]},
        {"code":"420000", "name":"湖北省", "area":[]},
        {"code":"430000", "name":"湖南省", "area":[]},
        {"code":"440000", "name":"广东省", "area":[]},
        {"code":"450000", "name":"广西壮族自治区", "area":[]},
        {"code":"460000", "name":"海南省", "area":[]},
        {"code":"510000", "name":"四川省", "area":[]},
        {"code":"520000", "name":"贵州省", "area":[]},
        {"code":"530000", "name":"云南省", "area":[]},
        {"code":"540000", "name":"西藏自治区", "area":[]},
        {"code":"610000", "name":"陕西省", "area":[]},
        {"code":"620000", "name":"甘肃省", "area":[]},
        {"code":"630000", "name":"青海省", "area":[]},
        {"code":"640000", "name":"宁夏回族自治区", "area":[]},
        {"code":"650000", "name":"新疆维吾尔自治区", "area":[]},

    ]},
    {"code":"TWN", "name":"中国台湾"},
    {"code":"ZZZ", "name":"其他"},
]
